{
  "experiment_id": "csnet_xca_20251205_152943",
  "status": "completed",
  "final_metrics": {
    "val/loss": 0.08830879628658295,
    "val/dice": 0.6837891340255737,
    "val/iou": 0.8274368047714233,
    "val/precision": 0.9180927276611328,
    "val/recall": 0.8812346458435059,
    "val/specificity": 0.8812346458435059,
    "val/betti_0_error": 88.8499984741211,
    "val/betti_1_error": 147.5,
    "val/cldice": 0.7630638480186462
  },
  "best_checkpoint": "experiments/csnet/xca/csnet_xca_20251205_152943/checkpoints/best.ckpt"
}