{
  "experiment_id": "medsegdiff_flow_xca_20260106_111624",
  "status": "completed",
  "final_metrics": {
    "val/reconstruction_loss": 0.07994497567415237,
    "val/dice": 0.7590329051017761,
    "val/iou": 0.8552240133285522,
    "val/precision": 0.9526588320732117,
    "val/recall": 0.8888577222824097,
    "val/specificity": 0.8888577222824097,
    "val/betti_0_error": 33.099998474121094,
    "val/betti_1_error": 124.55000305175781,
    "val/cldice": 0.8000144958496094
  },
  "best_checkpoint": "experiments/medsegdiff_flow/xca/medsegdiff_flow_xca_20260106_111624/checkpoints/best.ckpt"
}