{
  "experiment_id": "dscnet_xca_20251204_175509",
  "status": "completed",
  "final_metrics": {
    "val/loss": 0.08026973903179169,
    "val/dice": 0.7204974889755249,
    "val/iou": 0.8396879434585571,
    "val/precision": 0.9265069961547852,
    "val/recall": 0.8900259137153625,
    "val/specificity": 0.8900259137153625,
    "val/betti_0_error": 50.75,
    "val/betti_1_error": 127.44999694824219,
    "val/cldice": 0.7850779294967651
  },
  "best_checkpoint": "experiments/dscnet/xca/dscnet_xca_20251204_175509/checkpoints/best.ckpt"
}