{
  "experiment_id": "dscnet_octa500_3m_20251124_181829",
  "status": "completed",
  "final_metrics": {
    "val/loss": 0.02505819872021675,
    "val/dice": 0.8967347145080566,
    "val/iou": 0.9167692065238953,
    "val/precision": 0.9637143015861511,
    "val/recall": 0.9469914436340332,
    "val/specificity": 0.9469914436340332,
    "val/betti_0_error": 15.199999809265137,
    "val/betti_1_error": 19.700000762939453,
    "val/cldice": 0.9319678544998169
  },
  "best_checkpoint": "experiments/dscnet/octa500_3m/dscnet_octa500_3m_20251124_181829/checkpoints/best.ckpt"
}