{
  "experiment_id": "csnet_octa500_3m_20251124_195649",
  "status": "completed",
  "final_metrics": {
    "val/loss": 0.02671394869685173,
    "val/dice": 0.9024155735969543,
    "val/iou": 0.9175302386283875,
    "val/precision": 0.9609354138374329,
    "val/recall": 0.950484573841095,
    "val/specificity": 0.950484573841095,
    "val/betti_0_error": 10.199999809265137,
    "val/betti_1_error": 12.300000190734863,
    "val/cldice": 0.9342461824417114
  },
  "best_checkpoint": "experiments/csnet/octa500_3m/csnet_octa500_3m_20251124_195649/checkpoints/best.ckpt"
}