{
  "experiment_id": "medsegdiff_flow_multitask_xca_20260105_174940",
  "status": "completed",
  "final_metrics": {
    "val/dice": 0.7889963388442993,
    "val/iou": 0.8637403249740601,
    "val/precision": 0.9454318284988403,
    "val/recall": 0.9035056233406067,
    "val/specificity": 0.9035056233406067,
    "val/betti_0_error": 16.799999237060547,
    "val/betti_1_error": 100.94999694824219,
    "val/cldice": 0.8187143206596375,
    "val/reconstruction_loss": 0.06231337785720825
  },
  "best_checkpoint": "experiments/medsegdiff_flow_multitask/xca/medsegdiff_flow_multitask_xca_20260105_174940/checkpoints/best.ckpt"
}