{
  "experiment_id": "csnet_octa500_3m_20251124_181824",
  "status": "completed",
  "final_metrics": {
    "val/loss": 0.027698710560798645,
    "val/dice": 0.8996673822402954,
    "val/iou": 0.9158674478530884,
    "val/precision": 0.9579563140869141,
    "val/recall": 0.9515464901924133,
    "val/specificity": 0.9515464901924133,
    "val/betti_0_error": 14.199999809265137,
    "val/betti_1_error": 12.5,
    "val/cldice": 0.9310305714607239
  },
  "best_checkpoint": "experiments/csnet/octa500_3m/csnet_octa500_3m_20251124_181824/checkpoints/best.ckpt"
}