{
  "experiment_id": "csnet_xca_20251205_152947",
  "status": "completed",
  "final_metrics": {
    "val/loss": 0.09208563715219498,
    "val/dice": 0.7111547589302063,
    "val/iou": 0.8305381536483765,
    "val/precision": 0.8980573415756226,
    "val/recall": 0.9041568636894226,
    "val/specificity": 0.9041568636894226,
    "val/betti_0_error": 74.25,
    "val/betti_1_error": 116.05000305175781,
    "val/cldice": 0.7828918695449829
  },
  "best_checkpoint": "experiments/csnet/xca/csnet_xca_20251205_152947/checkpoints/best.ckpt"
}