{
  "experiment_id": "csnet_xca_smooth_20251205_171028",
  "status": "completed",
  "final_metrics": {
    "val/loss": 0.15381959080696106,
    "val/dice": 0.7615236043930054,
    "val/iou": 0.856702446937561,
    "val/precision": 0.9327064752578735,
    "val/recall": 0.905124843120575,
    "val/specificity": 0.905124843120575,
    "val/betti_0_error": 32.349998474121094,
    "val/betti_1_error": 104.55000305175781,
    "val/cldice": 0.8127934336662292
  },
  "best_checkpoint": "experiments/csnet/xca/csnet_xca_smooth_20251205_171028/checkpoints/best.ckpt"
}