{
  "experiment_id": "csnet_xca_gaussian_20251208_191440",
  "status": "completed",
  "final_metrics": {
    "val/loss": 0.12284151464700699,
    "val/dice": 0.7603780627250671,
    "val/iou": 0.8483825922012329,
    "val/precision": 0.9314700961112976,
    "val/recall": 0.8959090113639832,
    "val/specificity": 0.8959090113639832,
    "val/betti_0_error": 20.549999237060547,
    "val/betti_1_error": 140.5500030517578,
    "val/cldice": 0.8026523590087891
  },
  "best_checkpoint": "experiments/csnet/xca/csnet_xca_gaussian_20251208_191440/checkpoints/best.ckpt"
}