{
  "experiment_id": "csnet_octa500_6m_20251205_130248",
  "status": "completed",
  "final_metrics": {
    "val/loss": 0.06279219686985016,
    "val/dice": 0.8663812875747681,
    "val/iou": 0.8741306066513062,
    "val/precision": 0.9283032417297363,
    "val/recall": 0.931786060333252,
    "val/specificity": 0.931786060333252,
    "val/betti_0_error": 51.099998474121094,
    "val/betti_1_error": 70.30000305175781,
    "val/cldice": 0.891468346118927
  },
  "best_checkpoint": "experiments/csnet/octa500_6m/csnet_octa500_6m_20251205_130248/checkpoints/best.ckpt"
}