{
  "experiment_id": "dscnet_octa500_3m_20251126_124804",
  "status": "completed",
  "final_metrics": {
    "val/loss": 0.025164514780044556,
    "val/dice": 0.9012455940246582,
    "val/iou": 0.9173057675361633,
    "val/precision": 0.962009072303772,
    "val/recall": 0.9491674304008484,
    "val/specificity": 0.9491674304008484,
    "val/betti_0_error": 17.0,
    "val/betti_1_error": 25.200000762939453,
    "val/cldice": 0.9343120455741882
  },
  "best_checkpoint": "experiments/dscnet/octa500_3m/dscnet_octa500_3m_20251126_124804/checkpoints/best.ckpt"
}