{
  "experiment_id": "dhariwal_concat_unet_xca_20251219_104752",
  "status": "completed",
  "final_metrics": {
    "val/reconstruction_loss": 0.06255309283733368,
    "val/dice": 0.7765882611274719,
    "val/iou": 0.8561502695083618,
    "val/precision": 0.9165672063827515,
    "val/recall": 0.9202269315719604,
    "val/specificity": 0.9202269315719604,
    "val/betti_0_error": 89.75,
    "val/betti_1_error": 144.4499969482422,
    "val/cldice": 0.8126791715621948
  },
  "best_checkpoint": "experiments/dhariwal_concat_unet/xca/dhariwal_concat_unet_xca_20251219_104752/checkpoints/best.ckpt"
}