{
  "experiment_id": "dhariwal_concat_unet_xca_20251219_143626",
  "status": "completed",
  "final_metrics": {
    "val/reconstruction_loss": 0.06408663094043732,
    "val/dice": 0.7612807154655457,
    "val/iou": 0.8520716428756714,
    "val/precision": 0.9198430776596069,
    "val/recall": 0.9115574955940247,
    "val/specificity": 0.9115574955940247,
    "val/betti_0_error": 90.8499984741211,
    "val/betti_1_error": 139.8000030517578,
    "val/cldice": 0.8080930709838867
  },
  "best_checkpoint": "experiments/dhariwal_concat_unet/xca/dhariwal_concat_unet_xca_20251219_143626/checkpoints/best.ckpt"
}