{
  "experiment_id": "medsegdiff_flow_soft2hard_xca_20260105_134020",
  "status": "completed",
  "final_metrics": {
    "val/dice": 0.7892839908599854,
    "val/iou": 0.8679733276367188,
    "val/precision": 0.9319285154342651,
    "val/recall": 0.919796347618103,
    "val/specificity": 0.919796347618103,
    "val/betti_0_error": 40.349998474121094,
    "val/betti_1_error": 63.849998474121094,
    "val/cldice": 0.8313501477241516,
    "val/reconstruction_loss": 0.060145922005176544
  },
  "best_checkpoint": "experiments/medsegdiff_flow_soft2hard/xca/medsegdiff_flow_soft2hard_xca_20260105_134020/checkpoints/best.ckpt"
}