{
  "experiment_id": "medsegdiff_octa500_3m_20251124_195652",
  "status": "completed",
  "final_metrics": {
    "val/dice": 0.8333312273025513,
    "val/iou": 0.8721855878829956,
    "val/precision": 0.9627442359924316,
    "val/recall": 0.8989434242248535,
    "val/specificity": 0.8989434242248535,
    "val/betti_0_error": 21.700000762939453,
    "val/betti_1_error": 28.299999237060547,
    "val/cldice": 0.8929624557495117
  },
  "best_checkpoint": "experiments/medsegdiff/octa500_3m/medsegdiff_octa500_3m_20251124_195652/checkpoints/best.ckpt"
}