{
  "experiment_id": "csnet_octa500_3m_20251124_184904",
  "status": "completed",
  "final_metrics": {
    "val/loss": 0.028283577412366867,
    "val/dice": 0.9001412391662598,
    "val/iou": 0.9178560376167297,
    "val/precision": 0.9581025242805481,
    "val/recall": 0.9535014033317566,
    "val/specificity": 0.9535014033317566,
    "val/betti_0_error": 9.899999618530273,
    "val/betti_1_error": 14.5,
    "val/cldice": 0.9320775270462036
  },
  "best_checkpoint": "experiments/csnet/octa500_3m/csnet_octa500_3m_20251124_184904/checkpoints/best.ckpt"
}