{
  "experiment_id": "csnet_octa500_3m_20251124_180442",
  "status": "completed",
  "final_metrics": {
    "val/loss": 0.3752712905406952,
    "val/dice": 0.604885458946228,
    "val/iou": 0.6979190707206726,
    "val/precision": 0.7439616918563843,
    "val/recall": 0.9248015284538269,
    "val/specificity": 0.9248015284538269,
    "val/betti_0_error": 1584.800048828125,
    "val/betti_1_error": 243.0,
    "val/cldice": 0.5787434577941895
  },
  "best_checkpoint": "experiments/csnet/octa500_3m/csnet_octa500_3m_20251124_180442/checkpoints/best.ckpt"
}