{
  "experiment_id": "dhariwal_concat_unet_xca_20251226_135532",
  "status": "completed",
  "final_metrics": {
    "val/reconstruction_loss": 0.05986596271395683,
    "val/dice": 0.7832668423652649,
    "val/iou": 0.8602867126464844,
    "val/precision": 0.930345892906189,
    "val/recall": 0.9118282198905945,
    "val/specificity": 0.9118282198905945,
    "val/betti_0_error": 57.5,
    "val/betti_1_error": 142.8000030517578,
    "val/cldice": 0.8184477686882019
  },
  "best_checkpoint": "experiments/dhariwal_concat_unet/xca/dhariwal_concat_unet_xca_20251226_135532/checkpoints/best.ckpt"
}