{
  "experiment_id": "csnet_xca_sauna_20251205_171028",
  "status": "completed",
  "final_metrics": {
    "val/loss": 0.1261557936668396,
    "val/dice": 0.7574073076248169,
    "val/iou": 0.8487859964370728,
    "val/precision": 0.9121691584587097,
    "val/recall": 0.9146555066108704,
    "val/specificity": 0.9146555066108704,
    "val/betti_0_error": 22.350000381469727,
    "val/betti_1_error": 139.14999389648438,
    "val/cldice": 0.813644289970398
  },
  "best_checkpoint": "experiments/csnet/xca/csnet_xca_sauna_20251205_171028/checkpoints/best.ckpt"
}