{
  "experiment_id": "medsegdiff_flow_multitask_xca_20260105_174638",
  "status": "completed",
  "final_metrics": {
    "val/dice": 0.7901827096939087,
    "val/iou": 0.8674023747444153,
    "val/precision": 0.9365502595901489,
    "val/recall": 0.9152445793151855,
    "val/specificity": 0.9152445793151855,
    "val/betti_0_error": 29.350000381469727,
    "val/betti_1_error": 97.8499984741211,
    "val/cldice": 0.8295880556106567,
    "val/reconstruction_loss": 0.061504147946834564
  },
  "best_checkpoint": "experiments/medsegdiff_flow_multitask/xca/medsegdiff_flow_multitask_xca_20260105_174638/checkpoints/best.ckpt"
}