{
  "experiment_id": "csnet_xca_20251204_143404",
  "status": "completed",
  "final_metrics": {
    "val/loss": 0.11469604820013046,
    "val/dice": 0.5889931321144104,
    "val/iou": 0.777850329875946,
    "val/precision": 0.8495644927024841,
    "val/recall": 0.8778986930847168,
    "val/specificity": 0.8778986930847168,
    "val/betti_0_error": 93.75,
    "val/betti_1_error": 62.33333206176758,
    "val/cldice": 0.6944121718406677
  },
  "best_checkpoint": "experiments/csnet/xca/csnet_xca_20251204_143404/checkpoints/best.ckpt"
}