{
  "experiment_id": "csnet_xca_sauna_20251208_191440",
  "status": "completed",
  "final_metrics": {
    "val/loss": 0.1221015453338623,
    "val/dice": 0.7688095569610596,
    "val/iou": 0.8558902740478516,
    "val/precision": 0.917798638343811,
    "val/recall": 0.917963981628418,
    "val/specificity": 0.917963981628418,
    "val/betti_0_error": 27.600000381469727,
    "val/betti_1_error": 135.8000030517578,
    "val/cldice": 0.8211501836776733
  },
  "best_checkpoint": "experiments/csnet/xca/csnet_xca_sauna_20251208_191440/checkpoints/best.ckpt"
}