{
  "experiment_id": "csnet_xca_smooth_20251208_191440",
  "status": "completed",
  "final_metrics": {
    "val/loss": 0.15596242249011993,
    "val/dice": 0.7550803422927856,
    "val/iou": 0.8532267808914185,
    "val/precision": 0.9232655763626099,
    "val/recall": 0.9088231921195984,
    "val/specificity": 0.9088231921195984,
    "val/betti_0_error": 32.95000076293945,
    "val/betti_1_error": 100.75,
    "val/cldice": 0.8125773668289185
  },
  "best_checkpoint": "experiments/csnet/xca/csnet_xca_smooth_20251208_191440/checkpoints/best.ckpt"
}