{
  "experiment_id": "csnet_xca_sauna_20251217_135141",
  "status": "completed",
  "final_metrics": {
    "val/loss": 0.22229185700416565,
    "val/dice": 0.7187290191650391,
    "val/iou": 0.8242351412773132,
    "val/precision": 0.8998538255691528,
    "val/recall": 0.8940685987472534,
    "val/specificity": 0.8940685987472534,
    "val/betti_0_error": 52.79999923706055,
    "val/betti_1_error": 139.39999389648438,
    "val/cldice": 0.7777056694030762
  },
  "best_checkpoint": "experiments/csnet/xca/csnet_xca_sauna_20251217_135141/checkpoints/best.ckpt"
}