{
  "experiment_id": "csnet_octa500_3m_20251126_095549",
  "status": "completed",
  "final_metrics": {
    "val/loss": 0.026163512840867043,
    "val/dice": 0.9006678462028503,
    "val/iou": 0.9167458415031433,
    "val/precision": 0.9567434191703796,
    "val/recall": 0.9536486864089966,
    "val/specificity": 0.9536486864089966,
    "val/betti_0_error": 24.600000381469727,
    "val/betti_1_error": 22.200000762939453,
    "val/cldice": 0.9317874908447266
  },
  "best_checkpoint": "experiments/csnet/octa500_3m/csnet_octa500_3m_20251126_095549/checkpoints/best.ckpt"
}