{
  "experiment_id": "csnet_xca_smooth_20251217_101849",
  "status": "completed",
  "final_metrics": {
    "val/loss": 0.3581162393093109,
    "val/dice": 0.7167302370071411,
    "val/iou": 0.8293671607971191,
    "val/precision": 0.9286381602287292,
    "val/recall": 0.8763607144355774,
    "val/specificity": 0.8763607144355774,
    "val/betti_0_error": 50.599998474121094,
    "val/betti_1_error": 137.60000610351562,
    "val/cldice": 0.7620898485183716
  },
  "best_checkpoint": "experiments/csnet/xca/csnet_xca_smooth_20251217_101849/checkpoints/best.ckpt"
}