{
  "experiment_id": "dhariwal_concat_unet_xca_20251223_103911",
  "status": "completed",
  "final_metrics": {
    "val/reconstruction_loss": 0.054878395050764084,
    "val/dice": 0.7811172604560852,
    "val/iou": 0.8622930645942688,
    "val/precision": 0.9346494674682617,
    "val/recall": 0.9104545712471008,
    "val/specificity": 0.9104545712471008,
    "val/betti_0_error": 27.700000762939453,
    "val/betti_1_error": 77.5999984741211,
    "val/cldice": 0.8212147951126099
  },
  "best_checkpoint": "experiments/dhariwal_concat_unet/xca/dhariwal_concat_unet_xca_20251223_103911/checkpoints/best.ckpt"
}