{
  "experiment_id": "csnet_xca_sauna_20251212_175441",
  "status": "completed",
  "final_metrics": {
    "val/loss": 0.11880974471569061,
    "val/dice": 0.7274934649467468,
    "val/iou": 0.8379228711128235,
    "val/precision": 0.9238921403884888,
    "val/recall": 0.8915703892707825,
    "val/specificity": 0.8915703892707825,
    "val/betti_0_error": 44.599998474121094,
    "val/betti_1_error": 130.1999969482422,
    "val/cldice": 0.7907810807228088
  },
  "best_checkpoint": "experiments/csnet/xca/csnet_xca_sauna_20251212_175441/checkpoints/best.ckpt"
}