{
  "experiment_id": "dscnet_xca_20251204_143405",
  "status": "completed",
  "final_metrics": {
    "val/loss": 0.10527962446212769,
    "val/dice": 0.5679294466972351,
    "val/iou": 0.7604748606681824,
    "val/precision": 0.8477489352226257,
    "val/recall": 0.8525376319885254,
    "val/specificity": 0.8525376319885254,
    "val/betti_0_error": 103.16666412353516,
    "val/betti_1_error": 75.25,
    "val/cldice": 0.6873612403869629
  },
  "best_checkpoint": "experiments/dscnet/xca/dscnet_xca_20251204_143405/checkpoints/best.ckpt"
}