{
  "experiment_id": "csnet_xca_20251204_175507",
  "status": "completed",
  "final_metrics": {
    "val/loss": 0.09172648191452026,
    "val/dice": 0.6875261068344116,
    "val/iou": 0.8210986256599426,
    "val/precision": 0.9202243685722351,
    "val/recall": 0.8718506097793579,
    "val/specificity": 0.8718506097793579,
    "val/betti_0_error": 78.19999694824219,
    "val/betti_1_error": 140.39999389648438,
    "val/cldice": 0.7642782926559448
  },
  "best_checkpoint": "experiments/csnet/xca/csnet_xca_20251204_175507/checkpoints/best.ckpt"
}