{
  "experiment_id": "csnet_xca_sauna_20251217_140339",
  "status": "completed",
  "final_metrics": {
    "val/loss": 0.22803369164466858,
    "val/dice": 0.7138620615005493,
    "val/iou": 0.8147554397583008,
    "val/precision": 0.8929651975631714,
    "val/recall": 0.8893760442733765,
    "val/specificity": 0.8893760442733765,
    "val/betti_0_error": 81.5999984741211,
    "val/betti_1_error": 157.8000030517578,
    "val/cldice": 0.7649245262145996
  },
  "best_checkpoint": "experiments/csnet/xca/csnet_xca_sauna_20251217_140339/checkpoints/best.ckpt"
}