{
  "experiment_id": "dhariwal_concat_unet_multihead_xca_20251226_150342",
  "status": "completed",
  "final_metrics": {
    "val/reconstruction_loss": 0.06092303991317749,
    "val/dice": 0.7686917781829834,
    "val/iou": 0.854156494140625,
    "val/precision": 0.9253942370414734,
    "val/recall": 0.9087578654289246,
    "val/specificity": 0.9087578654289246,
    "val/betti_0_error": 60.29999923706055,
    "val/betti_1_error": 147.10000610351562,
    "val/cldice": 0.8087915182113647
  },
  "best_checkpoint": "experiments/dhariwal_concat_unet_multihead/xca/dhariwal_concat_unet_multihead_xca_20251226_150342/checkpoints/best.ckpt"
}