{
  "experiment_id": "dhariwal_concat_unet_multihead_xca_20251224_110147",
  "status": "completed",
  "final_metrics": {
    "val/reconstruction_loss": 0.06439931690692902,
    "val/dice": 0.7693557739257812,
    "val/iou": 0.852042555809021,
    "val/precision": 0.9261660575866699,
    "val/recall": 0.9056730270385742,
    "val/specificity": 0.9056730270385742,
    "val/betti_0_error": 58.900001525878906,
    "val/betti_1_error": 133.5,
    "val/cldice": 0.8067682385444641
  },
  "best_checkpoint": "experiments/dhariwal_concat_unet_multihead/xca/dhariwal_concat_unet_multihead_xca_20251224_110147/checkpoints/best.ckpt"
}