{
  "experiment_id": "csnet_octa500_3m_20251126_124802",
  "status": "completed",
  "final_metrics": {
    "val/loss": 0.02729560062289238,
    "val/dice": 0.8961653709411621,
    "val/iou": 0.9148533940315247,
    "val/precision": 0.9586175084114075,
    "val/recall": 0.9495385885238647,
    "val/specificity": 0.9495385885238647,
    "val/betti_0_error": 17.799999237060547,
    "val/betti_1_error": 15.5,
    "val/cldice": 0.9300686120986938
  },
  "best_checkpoint": "experiments/csnet/octa500_3m/csnet_octa500_3m_20251126_124802/checkpoints/best.ckpt"
}