{
  "experiment_id": "berdiff_xca_20251204_175503",
  "status": "completed",
  "final_metrics": {
    "val/dice": 0.6784378886222839,
    "val/iou": 0.8310372233390808,
    "val/precision": 0.897103488445282,
    "val/recall": 0.9056223034858704,
    "val/specificity": 0.9056223034858704,
    "val/betti_0_error": 13.300000190734863,
    "val/betti_1_error": 114.9000015258789,
    "val/cldice": 0.7783578634262085
  },
  "best_checkpoint": "experiments/berdiff/xca/berdiff_xca_20251204_175503/checkpoints/best.ckpt"
}