{
  "experiment_id": "csnet_octa500_3m_20251126_122033",
  "status": "completed",
  "final_metrics": {
    "val/loss": 0.02628220245242119,
    "val/dice": 0.9038577079772949,
    "val/iou": 0.9201416969299316,
    "val/precision": 0.9618404507637024,
    "val/recall": 0.9524728059768677,
    "val/specificity": 0.9524728059768677,
    "val/betti_0_error": 15.5,
    "val/betti_1_error": 18.399999618530273,
    "val/cldice": 0.9365825653076172
  },
  "best_checkpoint": "experiments/csnet/octa500_3m/csnet_octa500_3m_20251126_122033/checkpoints/best.ckpt"
}