{
  "experiment_id": "csnet_xca_sauna_20251212_174633",
  "status": "completed",
  "final_metrics": {
    "val/loss": 0.12185770273208618,
    "val/dice": 0.7450876235961914,
    "val/iou": 0.8403774499893188,
    "val/precision": 0.9138690829277039,
    "val/recall": 0.9020752906799316,
    "val/specificity": 0.9020752906799316,
    "val/betti_0_error": 43.0,
    "val/betti_1_error": 151.1999969482422,
    "val/cldice": 0.7988131046295166
  },
  "best_checkpoint": "experiments/csnet/xca/csnet_xca_sauna_20251212_174633/checkpoints/best.ckpt"
}