{
  "experiment_id": "dhariwal_concat_unet_multihead_xca_20251224_142312",
  "status": "completed",
  "final_metrics": {
    "val/reconstruction_loss": 0.05997131019830704,
    "val/dice": 0.7762866020202637,
    "val/iou": 0.8613306283950806,
    "val/precision": 0.9200983047485352,
    "val/recall": 0.9234024882316589,
    "val/specificity": 0.9234024882316589,
    "val/betti_0_error": 59.349998474121094,
    "val/betti_1_error": 132.9499969482422,
    "val/cldice": 0.8230762481689453
  },
  "best_checkpoint": "experiments/dhariwal_concat_unet_multihead/xca/dhariwal_concat_unet_multihead_xca_20251224_142312/checkpoints/best.ckpt"
}