{
  "experiment_id": "dscnet_octa500_3m_20251124_184910",
  "status": "completed",
  "final_metrics": {
    "val/loss": 0.0255283173173666,
    "val/dice": 0.9006121754646301,
    "val/iou": 0.9174788594245911,
    "val/precision": 0.9644363522529602,
    "val/recall": 0.9471621513366699,
    "val/specificity": 0.9471621513366699,
    "val/betti_0_error": 11.399999618530273,
    "val/betti_1_error": 24.5,
    "val/cldice": 0.9356614351272583
  },
  "best_checkpoint": "experiments/dscnet/octa500_3m/dscnet_octa500_3m_20251124_184910/checkpoints/best.ckpt"
}