{
  "experiment_id": "csnet_xca_sauna_20251217_135048",
  "status": "completed",
  "final_metrics": {
    "val/loss": 0.22240297496318817,
    "val/dice": 0.7150927186012268,
    "val/iou": 0.8225606083869934,
    "val/precision": 0.9065526127815247,
    "val/recall": 0.8855383992195129,
    "val/specificity": 0.8855383992195129,
    "val/betti_0_error": 42.0,
    "val/betti_1_error": 144.1999969482422,
    "val/cldice": 0.7762759923934937
  },
  "best_checkpoint": "experiments/csnet/xca/csnet_xca_sauna_20251217_135048/checkpoints/best.ckpt"
}