{
  "experiment_id": "dscnet_octa500_3m_20251126_095550",
  "status": "completed",
  "final_metrics": {
    "val/loss": 0.024781357496976852,
    "val/dice": 0.8994714021682739,
    "val/iou": 0.9174052476882935,
    "val/precision": 0.965809166431427,
    "val/recall": 0.9457800984382629,
    "val/specificity": 0.9457800984382629,
    "val/betti_0_error": 14.100000381469727,
    "val/betti_1_error": 22.5,
    "val/cldice": 0.9350878000259399
  },
  "best_checkpoint": "experiments/dscnet/octa500_3m/dscnet_octa500_3m_20251126_095550/checkpoints/best.ckpt"
}