{
  "experiment_id": "berdiff_xca_20251204_143401",
  "status": "completed",
  "final_metrics": {
    "val/dice": 0.4681924879550934,
    "val/iou": 0.674174964427948,
    "val/precision": 0.7500824928283691,
    "val/recall": 0.8174055218696594,
    "val/specificity": 0.8174055218696594,
    "val/betti_0_error": 23.5,
    "val/betti_1_error": 124.16666412353516,
    "val/cldice": 0.5714526176452637
  },
  "best_checkpoint": "experiments/berdiff/xca/berdiff_xca_20251204_143401/checkpoints/best.ckpt"
}