{
  "experiment_id": "csnet_octa500_3m_20251124_181749",
  "status": "completed",
  "final_metrics": {
    "val/loss": 0.02741965651512146,
    "val/dice": 0.9026838541030884,
    "val/iou": 0.9177228212356567,
    "val/precision": 0.9614425897598267,
    "val/recall": 0.9501477479934692,
    "val/specificity": 0.9501477479934692,
    "val/betti_0_error": 13.300000190734863,
    "val/betti_1_error": 16.399999618530273,
    "val/cldice": 0.9330419301986694
  },
  "best_checkpoint": "experiments/csnet/octa500_3m/csnet_octa500_3m_20251124_181749/checkpoints/best.ckpt"
}