{
  "experiment_id": "dhariwal_concat_unet_xca_20251218_170845",
  "status": "completed",
  "final_metrics": {
    "val/reconstruction_loss": 0.05907738208770752,
    "val/dice": 0.7842645645141602,
    "val/iou": 0.8606646656990051,
    "val/precision": 0.9259817004203796,
    "val/recall": 0.9163503646850586,
    "val/specificity": 0.9163503646850586,
    "val/betti_0_error": 61.25,
    "val/betti_1_error": 145.35000610351562,
    "val/cldice": 0.8225102424621582
  },
  "best_checkpoint": "experiments/dhariwal_concat_unet/xca/dhariwal_concat_unet_xca_20251218_170845/checkpoints/best.ckpt"
}