{
  "experiment_id": "medsegdiff_flow_soft2hard_xca_20260102_150543",
  "status": "completed",
  "final_metrics": {
    "val/dice": 0.796631395816803,
    "val/iou": 0.8668594360351562,
    "val/precision": 0.9354062080383301,
    "val/recall": 0.9154795408248901,
    "val/specificity": 0.9154795408248901,
    "val/betti_0_error": 25.450000762939453,
    "val/betti_1_error": 56.599998474121094,
    "val/cldice": 0.8312726020812988,
    "val/reconstruction_loss": 0.0755632221698761
  },
  "best_checkpoint": "experiments/medsegdiff_flow_soft2hard/xca/medsegdiff_flow_soft2hard_xca_20260102_150543/checkpoints/best.ckpt"
}