{
  "experiment_id": "dhariwal_concat_unet_xca_20251219_140129",
  "status": "completed",
  "final_metrics": {
    "val/reconstruction_loss": 0.06275573372840881,
    "val/dice": 0.7607429623603821,
    "val/iou": 0.8504778742790222,
    "val/precision": 0.9345691800117493,
    "val/recall": 0.8969186544418335,
    "val/specificity": 0.8969186544418335,
    "val/betti_0_error": 56.79999923706055,
    "val/betti_1_error": 149.0500030517578,
    "val/cldice": 0.8024435043334961
  },
  "best_checkpoint": "experiments/dhariwal_concat_unet/xca/dhariwal_concat_unet_xca_20251219_140129/checkpoints/best.ckpt"
}