{
  "experiment_id": "csnet_xca_smooth_20251216_193516",
  "status": "completed",
  "final_metrics": {
    "val/loss": 0.3536580204963684,
    "val/dice": 0.7636399865150452,
    "val/iou": 0.8539960980415344,
    "val/precision": 0.9335300326347351,
    "val/recall": 0.9005769491195679,
    "val/specificity": 0.9005769491195679,
    "val/betti_0_error": 43.599998474121094,
    "val/betti_1_error": 114.0,
    "val/cldice": 0.8036552667617798
  },
  "best_checkpoint": "experiments/csnet/xca/csnet_xca_smooth_20251216_193516/checkpoints/best.ckpt"
}